insert into user_status (id, code, name, description) values (1, 'kurec', 'Connelly Inc', 'Blue');
insert into user_status (id, code, name, description) values (2, 'CNY', 'Lynch LLC', 'Violet');
insert into user_status (id, code, name, description) values (3, 'IDR', 'Gaylord, Wintheiser and Brown', 'Aquamarine');
insert into user_status (id, code, name, description) values (4, 'RUB', 'Steuber Inc', 'Khaki');
insert into user_status (id, code, name, description) values (5, 'TJS', 'Leuschke-Brown', 'Fuscia');

insert into user_group_status (id, code, name, description) values (1, 'kurec', 'Connelly Inc', 'Blue');
insert into user_group_status (id, code, name, description) values (2, 'CNY', 'Lynch LLC', 'Violet');
insert into user_group_status (id, code, name, description) values (3, 'IDR', 'Gaylord, Wintheiser and Brown', 'Aquamarine');
insert into user_group_status (id, code, name, description) values (4, 'RUB', 'Steuber Inc', 'Khaki');
insert into user_group_status (id, code, name, description) values (5, 'TJS', 'Leuschke-Brown', 'Fuscia')

;insert into account_status (id, code, name, description) values (1, 'ewestlake0', 'Elmira', 'Vestibulum quam sapien, varius ut, blandit non, interdum in, ante. Vestibulum ante ipsum primis in faucibus orci luctus et ultrices posuere cubilia Curae; Duis faucibus accumsan odio.');
insert into account_status (id, code, name, description) values (2, 'hdartnall1', 'Hamil', 'Curabitur convallis.');
insert into account_status (id, code, name, description) values (3, 'cgourlay2', 'Chico', 'Phasellus in felis. Donec semper sapien a libero.');
insert into account_status (id, code, name, description) values (4, 'henderby3', 'Halsey', 'Donec vitae nisi. Nam ultrices, libero non mattis pulvinar, nulla pede ullamcorper augue, a suscipit nulla elit ac nulla.');
insert into account_status (id, code, name, description) values (5, 'lferandez4', 'Lemar', 'Mauris enim leo, rhoncus sed, vestibulum sit amet, cursus id, turpis.');

insert into account_type (id, code, name, description) values (1, 'uclayton0', 'Urson', 'Etiam justo. Etiam pretium iaculis justo.');
insert into account_type (id, code, name, description) values (2, 'jcourtes1', 'Jake', 'Aenean fermentum.');
insert into account_type (id, code, name, description) values (3, 'hwigan2', 'Happy', 'Nunc purus.');
insert into account_type (id, code, name, description) values (4, 'agoad3', 'Ange', 'Phasellus id sapien in sapien iaculis congue. Vivamus metus arcu, adipiscing molestie, hendrerit at, vulputate vitae, nisl.');
insert into account_type (id, code, name, description) values (5, 'dcurrey4', 'Derek', 'Etiam pretium iaculis justo.');

insert into user (id, username, password, user_status_id) values (1, 'gridhole0', 'rxlTkPXBpE', 1);
insert into user (id, username, password, user_status_id) values (2, 'ljasik1', 'mmGmRpwDiXK', 2);
insert into user (id, username, password, user_status_id) values (3, 'crenbold2', 'LWRLTnque0', 3);
insert into user (id, username, password, user_status_id) values (4, 'glanglois3', '9t22vwCMCi', 4);
insert into user (id, username, password, user_status_id) values (5, 'bmucillo4', 'KNmabErcJJ', 5);

insert into author (id, author_name, code, name, description) values (1, 'Herold Kenan', 'CZK', 'Nuveen AMT-Free Municipal Credit Income Fund', 'Integer non velit.');
insert into author (id, author_name, code, name, description) values (2, 'Whitman Harnetty', 'USD', 'Nova Measuring Instruments Ltd.', 'Vestibulum rutrum rutrum neque.');
insert into author (id, author_name, code, name, description) values (3, 'Merissa Hawkslee', 'IDR', 'TTM Technologies, Inc.', 'Nulla tempus.');
insert into author (id, author_name, code, name, description) values (4, 'Alexis Blinkhorn', 'BRL', 'Entravision Communications Corporation', 'Suspendisse accumsan tortor quis turpis. Sed ante.');
insert into author (id, author_name, code, name, description) values (5, 'Lizzie McKinney', 'CNY', 'Select Income REIT', 'Duis at velit eu est congue elementum.');

insert into book_status (id, code, name, description) values (1, 'ewestlake0', 'Elmira', 'Vestibulum quam sapien, varius ut, blandit non, interdum in, ante. Vestibulum ante ipsum primis in faucibus orci luctus et ultrices posuere cubilia Curae; Duis faucibus accumsan odio.');
insert into book_status (id, code, name, description) values (2, 'hdartnall1', 'Hamil', 'Curabitur convallis.');
insert into book_status (id, code, name, description) values (3, 'cgourlay2', 'Chico', 'Phasellus in felis. Donec semper sapien a libero.');
insert into book_status (id, code, name, description) values (4, 'henderby3', 'Halsey', 'Donec vitae nisi. Nam ultrices, libero non mattis pulvinar, nulla pede ullamcorper augue, a suscipit nulla elit ac nulla.');
insert into book_status (id, code, name, description) values (5, 'lferandez4', 'Lemar', 'Mauris enim leo, rhoncus sed, vestibulum sit amet, cursus id, turpis.');

insert into department (id, code, name, description) values (1, 'ewestlake0', 'Elmira', 'Vestibulum quam sapien, varius ut, blandit non, interdum in, ante. Vestibulum ante ipsum primis in faucibus orci luctus et ultrices posuere cubilia Curae; Duis faucibus accumsan odio.');
insert into department (id, code, name, description) values (2, 'hdartnall1', 'Hamil', 'Curabitur convallis.');
insert into department (id, code, name, description) values (3, 'cgourlay2', 'Chico', 'Phasellus in felis. Donec semper sapien a libero.');
insert into department (id, code, name, description) values (4, 'henderby3', 'Halsey', 'Donec vitae nisi. Nam ultrices, libero non mattis pulvinar, nulla pede ullamcorper augue, a suscipit nulla elit ac nulla.');
insert into department (id, code, name, description) values (5, 'lferandez4', 'Lemar', 'Mauris enim leo, rhoncus sed, vestibulum sit amet, cursus id, turpis.');

insert into genre (id, code, name, description) values (1, 'kurec', 'Connelly Inc', 'Blue');
insert into genre (id, code, name, description) values (2, 'CNY', 'Lynch LLC', 'Violet');
insert into genre (id, code, name, description) values (3, 'IDR', 'Gaylord, Wintheiser and Brown', 'Aquamarine');
insert into genre (id, code, name, description) values (4, 'RUB', 'Steuber Inc', 'Khaki');
insert into genre (id, code, name, description) values (5, 'TJS', 'Leuschke-Brown', 'Fuscia');

insert into book (id, code, name, description, book_name, author_id, genre_id, department_id, year, price, book_status_id) values (1, 'PHP', 'Loperamide Hydrochloride', 'Aenean sit amet justo. Morbi ut odio.', 'Armand', 1, 1, 1, 2008, '2.38', 1);
insert into book (id, code, name, description, book_name, author_id, genre_id, department_id, year, price, book_status_id) values (2, 'BRL', 'Vancomycin Hydrochloride', 'Vivamus metus arcu, adipiscing molestie, hendrerit at, vulputate vitae, nisl. Aenean lectus.', 'Raynard', 2, 2, 2, 1992, '9.86', 2);
insert into book (id, code, name, description, book_name, author_id, genre_id, department_id, year, price, book_status_id) values (3, 'CNY', 'Sunmark Aspirin', 'Pellentesque eget nunc. Donec quis orci eget orci vehicula condimentum.', 'Vick', 3, 3, 3, 1997, '5.58', 3);
insert into book (id, code, name, description, book_name, author_id, genre_id, department_id, year, price, book_status_id) values (4, 'EUR', 'Acetaminophen', 'Cras pellentesque volutpat dui.', 'Patsy', 4, 4, 4, 2012, '8.22', 4);
insert into book (id, code, name, description, book_name, author_id, genre_id, department_id, year, price, book_status_id) values (5, 'CNY', 'ALMACONE DOUBLE STRENGTH', 'Sed vel enim sit amet nunc viverra dapibus.', 'Nadeen', 5, 5, 5, 2011, '1.97', 5);

insert into user_group (id, user_group_status_id) values (1, 1);
insert into user_group (id, user_group_status_id) values (2, 2);
insert into user_group (id, user_group_status_id) values (3, 3);
insert into user_group (id, user_group_status_id) values (4, 4);
insert into user_group (id, user_group_status_id) values (5, 5);

insert into users_user_group (id, code, name, description, user_group_id, user_id) values (1, 'CNY', 'Keylex', 'Quisque arcu libero, rutrum ac, lobortis vel, dapibus at, diam. Nam tristique tortor eu pede.', 1, 1);
insert into users_user_group (id, code, name, description, user_group_id, user_id) values (2, 'EUR', 'Regrant', 'In hac habitasse platea dictumst. Morbi vestibulum, velit id pretium iaculis, diam erat fermentum justo, nec condimentum neque sapien placerat ante.', 2, 2);
insert into users_user_group (id, code, name, description, user_group_id, user_id) values (3, 'IDR', 'Kanlam', 'Proin at turpis a pede posuere nonummy.', 3, 3);
insert into users_user_group (id, code, name, description, user_group_id, user_id) values (4, 'JPY', 'Zathin', 'Nulla facilisi.', 4, 4);
insert into users_user_group (id, code, name, description, user_group_id, user_id) values (5, 'IDR', 'Cardguard', 'Morbi non quam nec dui luctus rutrum.', 5, 5);



insert into account (id, code, name, description, first_name, second_name, last_name, address, city, country, phone, email, account_type_id, account_status_id, user_id) values (1, 'MNT', 'OFS Capital Corporation', 'Lorem ipsum dolor sit amet, consectetuer adipiscing elit. Proin risus.', 'Anaëlle', 'Gane', 'Pedracci', 'Express', 'Javarthushuu', 'Mongolia', '916-315-2683', 'epedracci0@google.de', 1, 1, 1);
insert into account (id, code, name, description, first_name, second_name, last_name, address, city, country, phone, email, account_type_id, account_status_id, user_id) values (2, 'EUR', 'Tabula Rasa HealthCare, Inc.', 'Maecenas rhoncus aliquam lacus. Morbi quis tortor id nulla ultrices aliquet.', 'Nadège', 'Clampton', 'Fipp', 'Sullivan', 'Bourges', 'France', '295-139-9227', 'dfipp1@europa.eu', 2, 2, 2);
insert into account (id, code, name, description, first_name, second_name, last_name, address, city, country, phone, email, account_type_id, account_status_id, user_id) values (3, 'CNY', 'Valvoline Inc.', 'Phasellus id sapien in sapien iaculis congue.', 'Yóu', 'St Ange', 'Disbury', 'Memorial', 'Huayuanli', 'China', '645-268-4239', 'ldisbury2@newyorker.com', 3, 3, 3);
insert into account (id, code, name, description, first_name, second_name, last_name, address, city, country, phone, email, account_type_id, account_status_id, user_id) values (4, 'BRL', 'Jensyn Acquistion Corp.', 'Aliquam quis turpis eget elit sodales scelerisque.', 'Andrée', 'Manketell', 'Seekings', 'Oak Valley', 'Barra do Corda', 'Brazil', '693-937-2437', 'cseekings3@facebook.com', 4, 4, 4);
insert into account (id, code, name, description, first_name, second_name, last_name, address, city, country, phone, email, account_type_id, account_status_id, user_id) values (5, 'IDR', 'CRH PLC', 'Donec ut dolor.', 'Almérinda', 'Foukx', 'Coot', 'Spohn', 'Nangger', 'Indonesia', '681-257-5741', 'zcoot4@comsenz.com', 5, 5, 5);


--insert into order (id, code, name, description, account_client_id, account_librarian_id, book_id) values (1, 'JPY', 'Synthetic Fixed-Income Securities, Inc.', 'Vivamus vel nulla eget eros elementum pellentesque.', 1, 1, 1);
--insert into order (id, code, name, description, account_client_id, account_librarian_id, book_id) values (2, 'CRC', 'Pattern Energy Group Inc.', 'Integer non velit.', 2, 2, 2);
--insert into order (id, code, name, description, account_client_id, account_librarian_id, book_id) values (3, 'BRL', 'Eaton Vance Corporation', 'Suspendisse potenti.', 3, 3, 3);
--insert into order (id, code, name, description, account_client_id, account_librarian_id, book_id) values (4, 'AOA', 'Heska Corporation', 'Lorem ipsum dolor sit amet, consectetuer adipiscing elit. Proin interdum mauris non ligula pellentesque ultrices.', 4, 4, 4);
--insert into order (id, code, name, description, account_client_id, account_librarian_id, book_id) values (5, 'CLP', 'UNIVERSAL INSURANCE HOLDINGS INC', 'Donec ut mauris eget massa tempor convallis. Nulla neque libero, convallis eget, eleifend luctus, ultricies eu, nibh.', 5, 5, 5);